Created Date,Ticket No.,Category,Sub-Category,Subject,Status,Department,Urgency,Date Resolved,Isolation
2023-01-05,#INC-5497977,ITD HQ Support,Network Concern,Network Connection Installation,Resolved,ITD,,2023-01-05,
2023-01-05,#INC-5498082,ITD HQ Support,DPC Email,Transferring of Thunderbird Account,Resolved,FINANCE,,2023-01-05,
2023-01-09,#INC-5523025,ITD HQ Support,Network Concern,Network Connection Assistance,Resolved,,,2023-01-09,
2023-01-09,#INC-5509790,ITD HQ Support,PC/Printer Concern,Installation of Autocad and Sketchup,Resolved,DNC,,2023-01-11,
2023-01-09,#INC-5526435,HQ/District Office,PC/Printer Concern,Wifi connection and printer connection in Visayas Iloilo Office,Resolved,OPERATIONS,,2023-01-10,
2023-01-10,#INC-5533203,HQ/District Office,Software/App Installation,MySQL Browser Error,Resolved,FINANCE,,2023-01-18,
2023-01-12,#INC-5545108,ITD HQ Support,PC/Printer Concern,Printer Error when copying,Resolved,FINANCE,,2023-01-12,
2023-01-12,#INC-5547313,Desktop PC,Software/App Installation,Company Laptop concern,Resolved,DNC,,2023-01-16,
2023-01-12,#INC-5546361,HQ/District Office,Software/App Installation,MySQL Browser Error - FINANCE Visayas,Resolved,FINANCE,,2023-01-18,
2023-01-16,#INC-5564868,HQ/District Office,Network Concern,No internet Connection,Resolved,OPERATIONS,,2023-01-16,
2023-01-16,#INC-5565756,HQ/District Office,Software/App Installation,Chrome Update for Sir Miko - Iloilo,Resolved,BDD,,2023-01-16,
2023-01-16,#INC-5566334,HQ/District Office,PC/Printer Concern,CONNECT PRINTER,Resolved,FINANCE,,2023-01-16,
2023-01-16,#INC-5567869,HQ/District Office,Software/App Installation,MS OFFICE 365 UPDATE,Resolved,BDD,,2023-01-16,
2023-01-18,#INC-5575550,HQ/District Office,Network Concern,Wifi and Printer connection,Resolved,OPERATIONS,,2023-01-18,
2023-01-18,#INC-5573911,HQ/District Office,Desktop/PC Concern,No Power/Can't turn on Acer Laptop,Resolved,AUDIT,,2023-01-19,
2023-01-19,#INC-5581452,HQ/District Office,DPC Module Remote Desktop,DPC Remote Desktop - Bacolod ,Resolved,FINANCE,,2023-01-19,
2023-01-23,#INC-5606894,HQ/District Office,PC/Printer Concern,Request for Installation of Printer,Resolved,MAINTENANCE,,2023-01-23,
2023-01-24,#INC-5615566,HQ/District Office,Software/App Installation,Request Thunderbird account for new dpc staff -Cebu,Resolved,FINANCE,,2023-01-19,
2023-01-24,#INC-5615516,HQ/District Office,Desktop/PC Concern,Installment 1 PC set for DPC - Cebu area,Resolved,FINANCE,,2023-01-24,
2023-01-24,#INC-5615933,HQ/District Office,Oracle,Oracle - Cannot Generate BIR F2307,Resolved,FINANCE,,2023-01-25,
2023-01-24,#INC-5616049,HQ/District Office,Oracle,UNABLE TO GENERATE 2307 THRU ORACLE,Resolved,FINANCE,,2023-01-25,
2023-01-29,#INC-5645838,HQ/District Office,Software/App Installation,MS EXCEL ERROR,Resolved,FINANCE,,2023-01-29,
2023-02-01,#INC-5662171,HQ/District Office,PC/Printer Concern,Request for Printer Assistance,Resolved,BDD,,2023-02-01,
2023-02-01,#INC-5663296,HQ/District Office,Desktop/PC Concern,ADDITIONAL RAM INSTALLATION,Resolved,BDD,,2023-02-01,
2023-02-02,#INC-5663553,HQ/District Office,DPC Module Remote Desktop,DPC Remote Desktop - Bacolod 1/31/2023,Resolved,FINANCE,,2023-02-02,
2023-02-02,#INC-5669112,HQ/District Office,Thundebird Configuration,Thunderbird Configuration,Resolved,FINANCE,,2023-02-02,
2023-02-03,#INC-5675831,HQ/District Office,PC/Printer Concern,Connect to Printer,Resolved,PLANNING AND SUPPORT,,2023-02-03,
2023-02-03,#INC-5679526,HQ/District Office,Network Concern,PC No Internet Connection,Resolved,FINANCE,,2023-02-03,
2023-02-06,#INC-5691414,HQ/District Office,Thundebird Configuration,Thunderbird Concern,Resolved,FINANCE,,2023-02-06,
2023-02-06,#INC-5693676,HQ/District Office,Desktop/PC Concern,Setup pc and printer to vrbu office,Resolved,FINANCE,,2023-02-06,
2023-02-06,#INC-5693765,HQ/District Office,No WIFI Access,Setup additional Wi-Fi connection,Resolved,FINANCE,,2023-02-06,
2023-02-06,#INC-5694158,HQ/District Office,PC/Printer Concern,Unable to connect printer,Resolved,FINANCE,,2023-02-06,
2023-02-07,#INC-5694866,HQ/District Office,PC/Printer Concern,Connect to printer,Resolved,FINANCE,,2023-02-07,
2023-02-07,#INC-5698258,HQ/District Office,Software/App Installation,MS Office Installation,Resolved,MAINTENANCE,,2023-02-07,
2023-02-07,#INC-5698409,HQ/District Office,Software/App Installation,SQL installation Finance Staff,Resolved,FINANCE,,2023-02-08,
2023-02-07,#INC-5698613,HQ/District Office,Software/App Installation,Mysql installation for DPC Staff,Resolved,FINANCE,,2023-02-07,
2023-02-08,#INC-5704767,HQ/District Office,Network Concern,No Internet Connection,Resolved,BDD,,2023-02-08,
2023-02-09,#INC-5711464,HQ/District Office,Desktop/PC Concern,Maintenance staff pc installation,Resolved,MAINTENANCE,,2023-02-09,
2023-02-09,#INC-5708103,HQ/District Office,Desktop/PC Concern,Maintenance staff pc installation,Resolved,MAINTENANCE,,2023-02-08,
2023-02-13,#INC-5732512,HQ/District Office,DPC Email,Unable to received message on Thunderbird,Resolved,FINANCE,,2023-02-13,
2023-02-13,#INC-5734349,HQ/District Office,PC/Printer Concern,Printer Installation,Resolved,BDD,,2023-02-13,
2023-02-13,#INC-5734737,HQ/District Office,PC/Printer Concern,Unable to Print BDD Dept.,Resolved,BDD,,2023-02-13,
2023-02-16,#INC-5749688,HQ/District Office,Desktop Installation,LENOVO PC INSTALLATION,Resolved,FINANCE,,2023-02-16,
2023-02-16,#INC-5749949,HQ/District Office,Software/App Installation,INSTALLATION OF VPN,Resolved,FINANCE,,2023-02-16,
2023-02-16,#INC-5751830,HQ/District Office,Software/App Installation,INSTALLATION OF SOFTWARES,Resolved,FINANCE,,,
2023-02-17,#INC-5756133,HQ/District Office,Desktop/PC Concern,CDI NAGA HDMI CHECK,Resolved,OPERATIONS,,2023-02-17,
2023-02-20,#INC-5769924,HQ/District Office,Desktop Installation,INSTALLATION OF FULL NITRO PRO PDF EDITOR,Resolved,PLANNING AND SUPPORT,,2023-02-20,
2023-02-20,#INC-5772213,HQ/District Office,Finance Portal Concern,Unable to connect Remote Desktop / Module,Resolved,FINANCE,,2023-02-20,
2023-02-21,#INC-5775378,HQ/District Office,DPC Email,Thunderbird issue - cannot receive email,Resolved,FINANCE,,2023-02-21,
2023-02-23,#INC-5787643,HQ/District Office,Desktop Installation,Installation new Pc for finance,Resolved,FINANCE,,2023-02-23,
2023-02-23,#INC-5788245,HQ/District Office,Software/App Installation,BACK UP FILES FROM PERMIT COORDINATOR PC,Resolved,FINANCE,,2023-02-21,
2023-02-23,#INC-5788520,HQ/District Office,DPC Module Remote Desktop,Remote Desktop,Resolved,FINANCE,,2023-02-23,
2023-02-26,#INC-5802544,HQ/District Office,DPC Email,"Thunderbird email concern as of February 26, 2023",Resolved,FINANCE,,2023-02-26,
2023-03-01,#INC-5819499,HQ/District Office,PC/Printer Concern,Connect printer bdd dept.,Resolved,BDD,,2023-03-01,
2023-03-01,#INC-5821566,HQ/District Office,"Network Support,Reset/Change Password",DPC Intermittent Connection,Resolved,FINANCE,,2023-03-01,
2023-03-01,#INC-5821548,HQ/District Office,Desktop Installation,DESKTOP INSTALLATION,Resolved,FINANCE,,2023-03-01,
2023-03-01,#INC-5821537,HQ/District Office,Desktop/PC Concern,Backup and restore files,Resolved,MARKETING,,2023-03-01,
2023-03-01,#INC-5821922,HQ/District Office,Desktop Installation,DESKTOP PRINTER INSTALLATION,Resolved,DNC,,2023-03-06,
2023-03-03,#INC-5836346,HQ/District Office,Software/App Installation,MySQL Query Browser Error 1045,Resolved,FINANCE,,2023-03-11,
2023-03-06,#INC-5849348,HQ/District Office,Desktop Installation,PC DESKTOP INSTALLATION,Resolved,BDD,,2023-03-06,
2023-03-07,#INC-5852616,HQ/District Office,"Network Support,Reset/Change Password",No internet connection finance Dept,Resolved,FINANCE,,2023-03-07,
2023-03-07,#INC-5854480,HQ/District Office,PC/Printer Concern,Printer Installation,Resolved,BDD,,2023-03-07,
2023-03-07,#INC-5854856,HQ/District Office,"Network Support,Reset/Change Password",Wifi connection,Resolved,MARKETING,,2023-03-07,
2023-03-08,#INC-5858219,HQ/District Office,"Network Support,Reset/Change Password",DPC Tangent Intermittent Connection,Resolved,FINANCE,,2023-03-08,
2023-03-08,#INC-5859655,HQ/District Office,Desktop/PC Concern,NO DISPLAY IN MONITOR,Resolved,FINANCE,,2023-03-08,
2023-03-08,#INC-5860430,HQ/District Office,PC/Printer Concern,Unable to print Bdd dept.,Resolved,BDD,,2023-03-08,
2023-03-09,#INC-5863059,HQ/District Office,PC/Printer Concern,No connection printer,Resolved,BDD,,2023-03-09,
2023-03-10,#INC-5868285,HQ/District Office,Desktop Installation,Installation of a new pc in the SDS Department.,Resolved,DNC,,2023-03-10,
2023-03-13,#INC-5879253,HQ/District Office,"Network Support,Reset/Change Password",No Internet Connection,Resolved,FINANCE,,2023-03-13,
2023-03-13,#INC-5879265,HQ/District Office,PC/Printer Concern,Laptop unable to connect printer,Resolved,PLANNING AND SUPPORT,,2023-03-13,
2023-03-13,#INC-5879297,HQ/District Office,DPC Module Remote Desktop,Unable to login module DPC,Resolved,FINANCE,,2023-03-13,
2023-03-13,#INC-5879385,HQ/District Office,PC/Printer Concern,Printer Connection Problem,Resolved,BDD,,2023-03-06,
2023-03-15,#INC-5888117,HQ/District Office,Desktop Installation,PC installation,Resolved,PLANNING AND SUPPORT,,2023-03-15,
2023-03-15,#INC-5888124,HQ/District Office,Desktop/PC Concern,Backup and Restore Files,Resolved,PLANNING AND SUPPORT,,2023-03-15,
2023-03-15,#INC-5888181,HQ/District Office,Desktop Installation,Installation New Pc Planning Department.,Resolved,PLANNING AND SUPPORT,,2023-03-15,
2023-03-15,#INC-5888186,HQ/District Office,Desktop Installation,Installation New Pc Legal Department.,Resolved,LEGAL,,2023-03-15,
2023-03-15,#INC-5888693,HQ/District Office,Software/App Installation,Install microsoft office,Resolved,FINANCE,,2023-03-15,
2023-03-16,#INC-5892844,HQ/District Office,PC/Printer Concern,Unable to print Bdd dept.,Resolved,BDD,,2023-03-16,
2023-03-16,#INC-5892845,HQ/District Office,PC/Printer Concern,Unable to scan printer,Resolved,PLANNING AND SUPPORT,,2023-03-16,
2023-03-16,#INC-5892954,HQ/District Office,PC/Printer Concern,Unable to boot pc,Resolved,PLANNING AND SUPPORT,,2023-03-16,
2023-03-16,#INC-5893063,HQ/District Office,PC/Printer Concern,Printer Installation,Resolved,FINANCE,,2023-03-16,
2023-03-17,#INC-5897035,HQ/District Office,Network Concern,no internet connection dpc,Resolved,FINANCE,,2023-03-17,
2023-03-17,#INC-5899497,HQ/District Office,DPC Module Remote Desktop,Unable to access remote module IP 192.168.20.143,Resolved,FINANCE,,2023-03-20,
2023-03-20,#INC-5905852,HQ/District Office,"Network Support,Reset/Change Password",No connection,Resolved,OPERATIONS,,2023-03-20,
2023-03-20,#INC-5908770,HQ/District Office,Desktop Installation,Installation new pc,Resolved,FINANCE,,2023-03-20,
2023-03-20,#INC-5908817,HQ/District Office,Desktop Time and Date Change,Change time and date,Resolved,FINANCE,,2023-03-20,
2023-03-20,#INC-5908912,ITD HQ Support,Desktop Installation,Lenovo PC Installation,Resolved,FINANCE,,2023-03-20,
2023-03-20,#INC-5908998,HQ/District Office,Desktop Installation,Install new Pc and backup files,Resolved,BDD,,2023-03-20,
2023-03-20,#INC-5910479,HQ/District Office,PC/Printer Concern,Desktop Printer Installation,Resolved,FINANCE,,2023-03-20,
2023-03-21,#INC-5913496,ITD HQ Support,Finance Portal Concern,Can't Login to OCloud Portal(Oracle),Resolved,FINANCE,,2023-03-21,
2023-03-21,#INC-5913544,HQ/District Office,Software/App Installation,MS OFFICE EXCEL PROBLEM,Resolved,FINANCE,,2023-03-21,
2023-03-21,#INC-5913543,HQ/District Office,PC/Printer Concern,Unable to print BDD dept,Resolved,BDD,,2023-03-21,
2023-03-21,#INC-5914539,HQ/District Office,PC/Printer Concern,Desktop Printer Installation,Resolved,MAINTENANCE,,2023-03-21,
2023-03-22,#INC-5917578,HQ/District Office,Software/App Installation,Software Excel Problem,Resolved,PLANNING AND SUPPORT,,2023-03-22,
2023-03-24,#INC-5926465,HQ/District Office,Software/App Installation,WORD FILE WON'T OPEN,Resolved,FINANCE,,2023-03-24,
2023-03-24,#INC-5927731,HQ/District Office,DPC Email,Dpc thunderbird wont received,Resolved,FINANCE,,2023-03-24,
2023-03-27,#INC-5935655,HQ/District Office,PC/Printer Concern,Printer Installation,Resolved,BDD,,2023-03-27,
2023-03-27,#INC-5935660,HQ/District Office,Desktop Installation,PC Installation,Resolved,PLANNING AND SUPPORT,,2023-03-27,
2023-03-27,#INC-5936412,HQ/District Office,No WIFI Access,WIFI CONNECTION,Resolved,MARKETING,,2023-03-27,
2023-03-28,#INC-5942251,HQ/District Office,PC/Printer Concern,PRINTER INSTALLATION,Resolved,MARKETING,,2023-03-28,
2023-03-31,#INC-5953868,HQ/District Office,Network Concern,Test Eastern internet connection,Resolved,ITD,,2023-03-31,
2023-03-31,#INC-5953897,HQ/District Office,Network Concern,Test Rise internet connection,Resolved,ITD,,2023-03-31,
2023-03-31,#INC-5953921,HQ/District Office,Network Concern,Extend connection to other switches,Resolved,ITD,,2023-03-31,
2023-03-31,#INC-5953950,HQ/District Office,PC/Printer Concern,Connect all printer to swtiches,Resolved,ITD,,2023-03-31,
2023-03-31,#INC-5953970,HQ/District Office,Network Concern,Enable internet connection from server to users data port,Resolved,ITD,,2023-03-31,
2023-03-31,#INC-5953977,HQ/District Office,Network Concern,Configuration of ap wifi,Resolved,ITD,,2023-03-31,
2023-03-31,#INC-5954182,HQ/District Office,Network Concern,PRINTER PORT TEST,Resolved,ITD,,2023-03-31,
2023-03-31,#INC-5954188,ITD HQ Support,Network Concern,CONFIGURE WIFI SSID'S,Resolved,ITD,,2023-03-31,
2023-03-31,#INC-5954195,ITD HQ Support,Thundebird Configuration,THUNDERBIRD QUOTA EXCEEDED,Resolved,FINANCE,,2023-03-31,
2023-04-01,#INC-5957776,HQ/District Office,Software/App Installation,MS EXCEL CONCERN,Resolved,FINANCE,,2023-04-01,
2023-04-03,#INC-5963300,HQ/District Office,Network Concern,WORKPLACE ERROR URL,Resolved,BDD,,2023-04-03,
2023-04-03,#INC-5963303,ITD HQ Support,PC/Printer Concern,PRINTER INSTALLATION,Resolved,MARKETING,,2023-04-03,
2023-04-03,#INC-5963306,ITD HQ Support,PC/Printer Concern,Unable to connect printer BDD Dept.,Resolved,BDD,,2023-04-03,
2023-04-03,#INC-5963350,ITD HQ Support,Desktop Installation,Installation pc server,Resolved,ITD,,2023-04-03,
2023-04-04,#INC-5964722,ITD HQ Support,Oracle,Install oracle,Resolved,FINANCE,,2023-04-04,
2023-04-04,#INC-5965890,ITD HQ Support,Finance Portal Concern,Install Thunderbird and setup module for dpc,Resolved,FINANCE,,2023-04-04,
2023-04-11,#INC-5983854,ITD HQ Support,Desktop Installation,SET-UP OF PC,Resolved,HRD,,2023-04-11,
2023-04-11,#INC-5984309,ITD HQ Support,PC/Printer Concern,Unable to print,Resolved,PLANNING AND SUPPORT,,2023-04-11,
2023-04-11,#INC-5984318,ITD HQ Support,Network Concern,Connect internet office,Resolved,PLANNING AND SUPPORT,,2023-04-11,
2023-04-11,#INC-5984416,ITD HQ Support,DPC Module Remote Desktop,Request for Remote Desktop assistance,Resolved,FINANCE,,2023-04-11,
2023-04-11,#INC-5985461,ITD HQ Support,PC/Printer Concern,Connect printer to marketing,Resolved,HRD,,2023-04-11,
2023-04-12,#INC-5987393,ITD HQ Support,Network Concern,No connection audit dept.,Resolved,AUDIT,,2023-04-12,
2023-04-12,#INC-5987422,ITD HQ Support,PC/Printer Concern,Connect printer,Resolved,HRD,,2023-04-12,
2023-04-12,#INC-5987527,ITD HQ Support,Software/App Installation,microsoft excel lag,Resolved,FINANCE,,2023-04-12,
2023-04-12,#INC-5989103,ITD HQ Support,Assistance Support,Microsoft outlook account,Resolved,BDD,,2023-04-12,
2023-04-12,#INC-5987767,ITD HQ Support,DPC Email,Request Thunderbird account for new DPC staff - Cebu area,Resolved,FINANCE,,2023-04-12,
2023-04-13,#INC-5991091,ITD HQ Support,PC/Printer Concern,No display monitor,Resolved,FINANCE,,2023-04-13,
2023-04-13,#INC-5991155,ITD HQ Support,Network Concern,wifi connection for audit dept.,Resolved,AUDIT,,2023-04-13,
2023-04-13,#INC-5991184,ITD HQ Support,PC/Printer Concern,No sound zoom meeting,Resolved,OPERATIONS,,2023-04-13,
2023-04-13,#INC-5991414,ITD HQ Support,Finance Portal Concern,can't open oracle application,Resolved,FINANCE,,2023-04-13,
2023-04-13,#INC-5991616,ITD HQ Support,PC/Printer Concern,Display settings blurred,Resolved,FINANCE,,2023-04-13,
2023-04-13,#INC-5991242,ITD HQ Support,Finance Portal Concern,Can't open Java-Concerns,Resolved,FINANCE,,2023-04-13,
2023-04-13,#INC-5990741,ITD HQ Support,Email Concern,Unblock Email Address,Resolved,BDD,,2023-04-18,
2023-04-13,#INC-5992059,ITD HQ Support,Thundebird Configuration,Unable to received message,Resolved,FINANCE,,2023-04-13,
2023-04-17,#INC-6002064,ITD HQ Support,Network Concern,Connect internet and printer,Resolved,DNC,,2023-04-17,
2023-04-17,#INC-6002786,ITD HQ Support,Desktop Installation,OFFICE COMPUTER SETUP (CEB),Resolved,BDD,,2023-04-17,
2023-04-18,#INC-6006260,ITD HQ Support,PC/Printer Concern,Unable to print finance dept.,Resolved,FINANCE,,2023-04-18,
2023-04-18,#INC-6006806,ITD HQ Support,PC/Printer Concern,Unable to print,Resolved,MARKETING,,2023-04-18,
2023-04-18,#INC-6006810,ITD HQ Support,Software/App Installation,Install web sql server,Resolved,ITD,,2023-04-18,
2023-04-19,#INC-6010117,ITD HQ Support,PC/Printer Concern,Unable to print,Resolved,PLANNING AND SUPPORT,,2023-04-19,
2023-04-19,#INC-6010533,ITD HQ Support,Network Concern,Connect wifi connection,Resolved,ITD,,2023-04-19,
2023-04-19,#INC-6010548,ITD HQ Support,PC/Printer Concern,No printer connection,Resolved,PLANNING AND SUPPORT,,2023-04-19,
2023-04-19,#INC-6011095,ITD HQ Support,PC/Printer Concern,unable to connect printer,Resolved,BDD,,2023-04-19,
2023-04-19,#INC-6011305,ITD HQ Support,Desktop Installation,install microsoft office,Resolved,BDD,,2023-04-19,
2023-04-19,#INC-6011030,ITD HQ Support,Desktop Installation,Requesting for 3 Computer Set-up,Resolved,BDD,,2023-04-20,
2023-04-20,#INC-6013973,ITD HQ Support,Network Concern,No internet connection audit dept,Resolved,AUDIT,,2023-04-20,
2023-04-24,#INC-6024594,ITD HQ Support,PC/Printer Concern,Unable to print maintenance dept.,Resolved,MAINTENANCE,,2023-04-24,
2023-04-25,#INC-6028821,HQ/District Office,Network Concern,No internet connection,Resolved,PLANNING AND SUPPORT,,2023-04-25,
2023-04-25,#INC-6029962,HQ/District Office,PC/Printer Concern,Printer Installation,Resolved,BDD,,2023-04-25,
2023-04-25,#INC-6029964,HQ/District Office,Network Concern,No internet Connection,Resolved,BDD,,2023-04-25,
2023-04-26,#INC-6033099,HQ/District Office,Software/App Installation,ESET Antivirus Update,Resolved,AUDIT,,2023-04-26,
2023-04-26,#INC-6032985,HQ/District Office,Assistance Support,Request to Personally Pick Up Work Tool - Lease Management Visayas,Resolved,BDD,,2023-04-26,
2023-04-26,#INC-6034531,HQ/District Office,PC/Printer Concern,Printer Scanner Installation,Resolved,BDD,,2023-04-26,
2023-04-26,#INC-6035229,HQ/District Office,Software/App Installation,Photoshop installation and Activation BDD,Resolved,BDD,,2023-05-26,
2023-04-27,#INC-6036619,HQ/District Office,Desktop/PC Concern,Laptop Error,Resolved,OPERATIONS,,2023-04-27,
2023-04-27,#INC-6037416,HQ/District Office,No WIFI Access,Wifi Connection,Resolved,MARKETING,,2023-07-27,
2023-04-27,#INC-6038567,HQ/District Office,Software/App Installation,Application Installation (Viber & Zoom),Resolved,QA,,2023-04-27,
2023-04-28,#INC-6039188,HQ/District Office,Network Concern,No internet ILoilo Office,Resolved,FINANCE,,2023-04-28,
2023-04-30,#INC-6047136,HQ/District Office,DPC Module Remote Desktop,DPC Module Remote Desktop,Resolved,FINANCE,,2023-04-30,
2023-05-01,#INC-6049592,HQ/District Office,Thundebird Configuration,No Incoming Messages in Thunderbird,Resolved,FINANCE,,2023-05-01,"Go to Account Settings
Reconfigure Server Settings
Get messages"
2023-05-01,#INC-6052447,HQ/District Office,DPC Module Remote Desktop,Unable to access remote module 192.168.20.143 & 192.168.20.141,Resolved,FINANCE,,2023-05-02,"Check if host is pingable
Coordinate to group to restart machine
Check host is pingable"
2023-05-01,#INC-6052556,HQ/District Office,DPC Module Remote Desktop,DPC Remote Desktop - Bacolod,Resolved,FINANCE,,2023-05-02,Coordinate to group to restart machine
2023-05-01,#INC-6051982,HQ/District Office,PC/Printer Concern,Connect Canon MF240 Image Class,Resolved,OPERATIONS,,2023-05-02,New printer Installation
2023-05-02,#INC-6053155,HQ/District Office,Thundebird Configuration,No Incoming Messages in Thunderbird,Resolved,FINANCE,,2023-05-02,"Go to Account Settings
Reconfigure Server Settings
Get messages"
2023-05-02,#INC-6053325,HQ/District Office,Email Concern,TWO-STEP AUTHENTICATION SETUP,Resolved,BDD,,2023-05-05,"Go to Account Settings
Turn on Two-Step Verification
Add recovery number "
2023-05-02,#INC-6053413,HQ/District Office,Email Concern,TWO-STEP AUTHENTICATION SETUP,Resolved,BDD,,2023-05-05,"Go to Account Settings
Turn on Two-Step Verification
Add recovery number "
2023-05-02,#INC-6053435,HQ/District Office,PC/Printer Concern,Set up Laptop Worktool,Resolved,MAINTENANCE,,2023-05-02,Activate MS Office 365
2023-05-02,#INC-6054067,HQ/District Office,PC/Printer Concern,Assist - Downloaded BIR Forms,Resolved,FINANCE,,2023-05-02,
2023-05-03,#INC-6057180,HQ/District Office,Software/App Installation,Open Office Installation,Resolved,PLANNING AND SUPPORT,,2023-05-03,Installation of Open Office - for .ods files
2023-05-03,"#INC-6057578
",HQ/District Office,PC/Printer Concern,Bacolod Office Printer,Resolved,FINANCE,,2023-05-03,Printer Reinstallation - Removed installed printer
2023-05-04,#INC-6062533,HQ/District Office,Software/App Installation,Open Office Installation,Resolved,PLANNING AND SUPPORT,,2023-05-04,Installation of Open Office - for .ods files
2023-05-05,#INC-6066854,HQ/District Office,Workplace,Unable to access workplace,Resolved,DNC,,2023-05-15,"Remove office network
Connect to mobile data using USB Tethering
Proceed to login workplace"
2023-05-08,#INC-6073963,HQ/District Office,DPC Module Remote Desktop,Unable to access module 192.168.20.139,Resolved,FINANCE,,2023-05-08,"Check host if pingable
Check network cable
Network cable loosen"
2023-05-09,#INC-6078726,HQ/District Office,DPC Email,"No Incoming Messages in Thunderbird as of May 3, 2023",Resolved,FINANCE,,2023-05-09,"Check thunderbird configuration
Check and get messages"
2023-05-15,#INC-6102947,HQ/District Office,PC/Printer Concern,Printer Installation,Resolved,DNC,,2023-05-15,New user printer installation
2023-05-15,#INC-6102952,HQ/District Office,"Network Support,Reset/Change Password",Wifi Connection,Resolved,PLANNING AND SUPPORT,,2023-05-15,Connect laptop to wifi network
2023-05-15,#INC-6103308,HQ/District Office,PC/Printer Concern,Printer Reinstallation,Resolved,DNC,,2023-05-15,Printer Reinstallation - Removed installed printer
2023-05-15,#INC-6103494,HQ/District Office,DPC Module Remote Desktop,DPC MODULE No Module Application,Resolved,FINANCE,,2023-05-15,Reinstall Java
2023-05-15,#INC-6105667,HQ/District Office,PC/Printer Concern,Printer Error,Resolved,MARKETING,,2023-05-15,"Check computer if connected to the office network
Reconnect to office wifi(used mobile hotspot)"
2023-05-16,#INC-6107704,HQ/District Office,Software/App Installation,PDF Acrobat Installation,Resolved,BDD,,2023-05-16,PDF Reader Installation
2023-05-22,#INC-6128101,HQ/District Office,Software/App Installation,Software Problem Assistance,Resolved,FINANCE,,2023-05-22,Install winzip to extract zipped files
2023-05-22,#INC-6128104,HQ/District Office,PC/Printer Concern,Printer Installation,Resolved,OPERATIONS,,2023-05-22,New user printer installation
2023-05-25,#INC-6139801,HQ/District Office,PC/Printer Concern,Audit printer not clear print,Resolved,AUDIT,,2023-05-25,
2023-05-26,#INC-6143104,HQ/District Office,Software/App Installation,Thunderbird Reinstall,Resolved,FINANCE,,2023-06-26,Thunderbird version outdated
2023-05-26,#INC-6143148,HQ/District Office,PC/Printer Concern,Printer Installation HP ColorLaserJet,Resolved,PLANNING AND SUPPORT,,2023-06-26,New printer from JMD
2023-05-26,#INC-6143160,HQ/District Office,Email Concern,Unable to 7-eleven email;,Resolved,OPERATIONS,,2023-06-26,
2023-05-26,#INC-6145160,HQ/District Office,DPC Module Remote Desktop,Unable to access remote desktop,Resolved,FINANCE,,2023-05-26,Host is timed out
2023-05-27,#INC-6146991,HQ/District Office,DPC Module Remote Desktop,Unable to launch module application,Resolved,FINANCE,,2023-05-30,Host is timed out
2023-05-27,#INC-6147102,HQ/District Office,DPC Module Remote Desktop,Unable to launch module application,Resolved,FINANCE,,2023-05-30,Host is timed out
2023-05-30,#INC-6152507,HQ/District Office,Software/App Installation,QA Portal whitelist,Resolved,QA,,2023-06-22,Coordinate to Level 2 for url whitelisting
2023-05-30,#INC-6155548,HQ/District Office,DPC Email,Thunderbird Account Request,Resolved,FINANCE,,2023-07-05,Request to create thunderbird account for new dpc users
2023-05-30,#INC-6156545,HQ/District Office,Software/App Installation,Excel Problem,Resolved,QA,,2023-05-30,
2023-05-30,#INC-6156591,HQ/District Office,PC/Printer Concern,Setup Pc Unit for NFN QA,Resolved,QA,,2023-05-30,New PC Installation for new QA employee 
2023-05-31,#INC-6159965,HQ/District Office,Software/App Installation,Adobe Acrobat Installation,Resolved,PLANNING AND SUPPORT,,2023-05-31,PDF Reader Installation
2023-05-31,#INC-6163284,HQ/District Office,PC/Printer Concern,Printer Installation,Resolved,MARKETING,,2023-05-31,New user printer installation
2023-06-01,#INC-6162761,HQ/District Office,DPC Module Remote Desktop,Unable to access remoted desktop connection ip 192.168.20.141,Resolved,,,2023-06-01,Coordinate to group to restart Machine
2023-06-01,#INC-6163287,HQ/District Office,PC/Printer Concern,Printer Installation,Resolved,,,2023-06-01,New printer installation
2023-06-02,#INC-6168681,HQ/District Office,Desktop/PC Concern,Backup and Restore Files,Resolved,,,2023-06-02,Backup and Restore Files
2023-06-05,#INC-6175096,HQ/District Office,"Network Support,Reset/Change Password",Wifi Connection,Resolved,,,2023-06-05,Connect to wifi
2023-06-05,#INC-6175665,HQ/District Office,Software/App Installation,ZWCAD License Activation,Resolved,,,2023-06-05,Register and input the provided license
2023-06-05,#INC-6174825,HQ/District Office,DPC Module Remote Desktop,DPC Remote Desktop 192.168.20.139,Resolved,,,2023-06-05,"Check host if pingable
Coordinate to group to restart machine
Check if pingable"
2023-06-06,#INC-6179395,HQ/District Office,DPC Module Remote Desktop,Can't copy files to Local Drive,Resolved,,,2023-06-06,"Go to Remote Desktop
Show Options > Local Resources Tab
Checked Clipboard option - to use in remote session"
2023-06-06,#INC-6180318,HQ/District Office,Oracle,ORACLE CONCERN,Resolved,,,2023-06-06,Reinstall Java
2023-06-07,#INC-6183393,HQ/District Office,Software/App Installation,Excel Problem,Resolved,,,2023-06-07,Add directory to trusted location
2023-06-19,#INC-6221542,HQ/District Office,PC/Printer Concern,Printer Error,Resolved,,,2023-06-19,User is not connected to office network
2023-06-21,#INC-6230491,HQ/District Office,PC/Printer Concern,No Display Monitor,Resolved,,,2023-07-03,VGA is unplugged
2023-06-21,#INC-6230714,HQ/District Office,Software/App Installation,Google Meet MIC Blocking the browser,Resolved,,,2023-07-03,Enable/Allow microphone in web browser
2023-06-21,#INC-6228488,HQ/District Office,DPC Email,DPC Bacolod Thunderbird Problem,Resolved,,,2023-06-21,"Close Thunderbird
Copy/Backup/Rename inbox file
Open Thunderbird and will load another inbox"
2023-06-22,#INC-6233414,HQ/District Office,Software/App Installation,PDF Reader Installation,Resolved,,,2023-06-22,PDF Reader Installation
2023-06-26,#INC-6243942,HQ/District Office,PC/Printer Concern,Printer Installation,Resolved,,,2023-06-26,New user printer installation
2023-06-26,#INC-6243959,HQ/District Office,Desktop/PC Concern,Download Folder freezing when opening,Resolved,,,2023-06-26,"Local C full storage
Clean up C and Recycle Bin"
2023-06-28,#INC-6252117,HQ/District Office,DPC Email,DPC Bacolod Thunderbird Problem,Resolved,,,2023-06-28,"Can't send messages
Reconfigure server settings
Check and test email sending"
2023-06-29,#INC-6255056,HQ/District Office,PC/Printer Concern,Printer Assistance,Resolved,,,2023-06-29,Assist Staff for Scanner
2023-06-29,#INC-6255061,HQ/District Office,PC/Printer Concern,Printer Installation,Resolved,,,2023-06-29,New user printer installation
2023-06-29,#INC-6255262,HQ/District Office,Software/App Installation,MS Office 365 Problem,Resolved,,,2023-06-29,Restart Laptop
2023-06-30,#INC-6257433,DPC,DPC Module Remote Desktop,DPC Remote Desktop Problem,Resolved,,,2023-06-30,"Go to Remote Desktop
Show Options > Local Resources Tab
Checked Clipboard option - to use in remote session"
2023-07-01,#INC-6260395,DPC,DPC Email,DPC Bacolod Thunderbird Problem,Resolved,,,2023-07-01,"Check Host if accessible
Coordinate to group to restart host
Check Host if accessible"
2023-07-01,#INC-6260497,DPC,DPC Module Remote Desktop,DPC Remote Desktop - ILOILO 07/01/2023,Resolved,,,2023-07-01,"Check Host if accessible
Coordinate to group to restart host
Check Host if accessible"
2023-07-02,#INC-6263585,DPC,DPC Email,DPC Bacolod Thunderbird Problem 07/02/2023,Resolved,,,2023-07-02,
2023-07-04,#INC-6267377,DPC,Network Concern,QA Website Blocked,Resolved,,,2023-07-04,
2023-07-05,#INC-6273081,DPC,DPC Email,THUNDERBIRD ADDRESS BOOK,Resolved,,,2023-07-05,"Create Address Book
Create a Contact List
Create List of Stores"
2023-07-05,#INC-6273101,HQ/District Office,"Network Support,Reset/Change Password",WIFI CONNECTION,Resolved,,,2023-07-05,
2023-07-05,#INC-6273981,DPC,DPC Email,THUNDERBIRD ACCOUNT SETUP,Resolved,,,2023-07-05,New thunderbird account setup
2023-07-05,#INC-6274293,HQ/District Office,Workplace,Workplace ERROR URL,Resolved,,,2023-07-05,"Connect to mobile phone using USB Tethering
Refresh the Page"
2023-07-06,#INC-6276038,DPC,Thundebird Configuration,THUNDERBIRD CONFIGURATION,Resolved,,,2023-07-06,
2023-07-10,#INC-6288622,HQ/District Office,Software/App Installation,Microsoft Office Problem,Resolved,,,2023-07-10,Add directory to Trusted Locations
2023-07-12,#INC-6294930,HQ/District Office,Software/App Installation,Microsoft Office Problem,Resolved,,,2023-07-12,
2023-07-14,#INC-6302833,HQ/District Office,PC/Printer Concern,Unable to print Audit Dept. printer,Resolved,,,2023-07-14,"Check Printer connection
Check if printer is accessible
Check Printer Configuration
Test Print"
2023-07-17,#INC-6309701,DPC,DPC Module Remote Desktop,Unable to access Remote Module IP 192.168.20.143,Resolved,,,2023-07-17,"Ping server IP
Coordinate to Group to restart host
Check if pingable"
2023-07-17,#INC-6310652,HQ/District Office,Software/App Installation,OPEN OFFICE INSTALLATION,Resolved,,,2023-07-17,Installed for .ods files
2023-07-21,#INC-6324330,HQ/District Office,Software/App Installation,Microsoft office installation,Resolved,,,2023-07-21,Microsoft Office Activation
2023-07-21,#INC-6324411,HQ/District Office,Desktop Installation,PC Installation,Resolved,,,2023-07-21,New PC Installation
2023-07-24,#INC-6331693,HQ/District Office,PC/Printer Concern,Printer Installation,Resolved,,,2023-07-24,New Printer User Installation
2023-07-25,#INC-6334084,DPC,Email Concern,DPC Bacolod Thunderbird Problem 07/24/2023,Resolved,,,2023-07-25,Unchecked leave messages on server and delete old emails on roundcube
2023-07-19,#INC-6318188,Desktop PC,Desktop/PC Concern,desktop CPU not working,Resolved,,,2023-07-26,Replaced and install new pc
2023-07-30,#INC-6355989,DPC,DPC Module Remote Desktop,Can't open 192.168.20.141 module,Resolved,,,2023-07-30,"Check host if pingable
Coordinate to group to restart machine
Check if pingable"
2023-07-30,#INC-6356963,DPC,Thundebird Configuration,assign thunderbird account,Resolved,,,2023-07-30,Transfer and assigning thunderbird account
2023-07-30,#INC-6356964,DPC,Thundebird Configuration,assign thunderbird account,Resolved,,,2023-07-30,Transfer and assigning thunderbird account
2023-08-01,#INC-6364977,HQ/District Office,PC/Printer Concern,Printer Installation,Resolved,,,2023-08-01,New User Printer Installation
2023-08-02,#INC-6371219,HQ/District Office,Software/App Installation,PowerBI Installation for Jaycarl Sabanal,Resolved,,,2023-08-02,PowerBI Installation for DM's
2023-08-08,#INC-6373117,HQ/District Office,Software/App Installation,QA Portal whitelist,Open,,,,Coordinate to group to whitelist the site
2023-08-08,#INC-6391040,HQ/District Office,Software/App Installation,Excel Problem Cannot Edit Cell,Resolved,,,2023-08-08,"Click edit cell
Add directory of the file to trusted location"
2023-08-08,#INC-6391075,HQ/District Office,PC/Printer Concern,PRINTER INSTALLATION,Resolved,,,2023-08-08,New laptop printer installation
2023-08-08,#INC-6393888,HQ/District Office,Desktop/PC Concern,Backup and Restore Files,Resolved,,,2023-08-08,Copy files from hold Hard Drive to New PC
2023-08-10,#INC-6399947,HQ/District Office,Software/App Installation, Microsoft office applications won't open on OPS1 PC (RESOLVED),Resolved,,,2023-08-10,Reinstall MS Office
2023-08-10,#INC-6399952,ITD HQ Support,PC/Printer Concern,connect Printer /scanner,Resolved,,,2023-08-10,Install printer driver
2023-08-10,#INC-6400550,HQ/District Office,Software/App Installation,Can't edit in cell(MS Office),Resolved,,,2023-08-10,"Click enable edit
Add file directory to trusted locations"
2023-08-14,#INC-6416553,ITD HQ Support,PC/Printer Concern,Dell LAN PORT Not Working,Resolved,,,2023-08-16,"Check the port LED
Check the network adapter if enabled
Network Adapter is disbled"
2023-08-15,INC-6422496,HQ/District Office,Software/App Installation,Can't open attached ods file on thunderbird,Resolved,,,2023-08-15,Install open office
2023-08-15,#INC-6420542,HQ/District Office,Software/App Installation,"Unable to access workplace,Photoshop",Resolved,,,2023-08-17,"Disconnect from office network
Connect to Internet via USB Tethering
Refresh Workplace site"
2023-08-16,#INC-6427907,DPC,DPC Email,Thunderbird Setup for New Staff,Resolved,,,2023-08-16,Setup Thunderbird
2023-08-17,#INC-6435055,HQ/District Office,PC/Printer Concern,Printer not printing,Resolved,,,2023-08-17,"Check spooler
Printer Paper Out
Load paper"
2023-08-23,#INC-6456713,HQ/District Office,PC/Printer Concern,Printer Installation,Resolved,,,2023-08-23,New User Printer Installation
2023-08-26,#INC-6468193,DPC,DPC Module Remote Desktop,Host Timeout,Resolved,,,2023-08-26,Coordinate to group to restart server
2023-08-24,#INC-6460541,ITD HQ Support,Desktop Installation,additional PC,Resolved,,,2023-08-29,installation of new pc
2023-08-30,#INC-6480158,HQ/District Office,Software/App Installation,Temporary application of sketchup,Resolved,,,2023-08-30,Install sketchup
2023-08-30,#INC-6477959,HQ/District Office,Desktop/PC Concern,BACKUP AND RESTORE FILES,Resolved,,,2023-08-30,Backup and restore files
2023-09-01,#INC-6482865,HQ/District Office,PC/Printer Concern,Request for Printer Installation,Resolved,PLANNING AND SUPPORT,,2023-09-01,Printer Installation
2023-09-07,#INC-6505067,HQ/District Office,PC/Printer Concern,Printer Installation,Resolved,BDD,,2023-09-07,Printer Installation
2023-09-07,#INC-6505066,HQ/District Office,Software/App Installation,PowerBI Installation for DM,Resolved,OPERATIONS,,2023-09-07,PowerBI Installation for DM's
2023-09-07,#INC-6505436,HQ/District Office,Desktop Installation,PC Installation,Resolved,LEGAL,,2023-09-07,PC Replacement
2023-09-13,#INC-6524544,HQ/District Office,PC/Printer Concern,Printer Installation,Resolved,LEGAL,,2023-09-13,Printer Installation
2023-09-13,#INC-6524701,HQ/District Office,Software/App Installation,Viber Installation,Resolved,QA,,2023-09-13,"Viber Installation
Account Syncing"
2023-09-14,#INC-6526889,HQ/District Office,Software/App Installation,PowerBI Installation for AM,Resolved,OPERATIONS,,2023-09-14,PowerBI Installation for AM
2023-09-15,#INC-6531368,HQ/District Office,PC/Printer Concern,Scanner Installation,Resolved,BDD,,2023-09-15,Scanner Installation
2023-09-15,#INC-6531857,HQ/District Office,Software/App Installation,Microsoft Account Concern,Resolved,BDD,,2023-09-15,Microsoft Installation
2023-09-18,#INC-6538775,HQ/District Office,"Network Support,Reset/Change Password",Wifi connect,Resolved,DNC,,2023-09-18,Connect to Wifi
2023-09-19,#INC-6541904,HQ/District Office,PC/Printer Concern,Printer Assistance,Resolved,PLANNING AND SUPPORT,,2023-09-19,"Can't print with Adobe Acrobat free version
Open file with any browser
Start printing"
2023-09-19,#INC-6543272,HQ/District Office,Desktop/PC Concern,Monitor no Display,Resolved,FINANCE,,2023-09-19,"VGA  Shorted
VGA Replacement"
2023-09-20,#INC-6546641,HQ/District Office,Desktop/PC Concern,Computer Mouse,Misroute,,,,
2023-09-21,INC-6550413,HQ/District Office,DPC Module Remote Desktop,DPC Remote Desktop - Bacolod ,Resolved,FINANCE,,2023-09-21,Resquest hq to restart ip module
2023-09-22,#INC-6555422,HQ/District Office,PC/Printer Concern,Scanner Installation,Resolved,FINANCE,,2023-09-22,Scanner Installation
2023-09-25,#INC-6561888,HQ/District Office,DPC Module Remote Desktop,Can't access module  192.168.20.139,Resolved,FINANCE,,2023-09-25,Request hq to restart ip module
2023-09-26,#INC-6566222,HQ/District Office,DPC Module Remote Desktop,DPC Module 192.168.20.141,Resolved,FINANCE,,2023-09-26,"Ping 192.168.20.141
Request hq to restart host 192.168.20.141
Double check if host is reachable"
2023-09-26,#INC-6566225,HQ/District Office,Desktop/PC Concern,PC Installation,Resolved,FINANCE,,2023-09-26,Lenovo deskop installation
2023-09-26,#INC-6566271,HQ/District Office,Desktop/PC Concern,Workplace Assistance,Resolved,PLANNING AND SUPPORT,,2023-09-26,"Disconnect from LAN network
Connect to hotspot via USB
Log in account in the workplace"
2023-09-27,#INC-6569477,HQ/District Office,No WIFI Access,Wifi Connect,Resolved,PLANNING AND SUPPORT,,2023-09-27,Connect to Wifi
2023-09-27,INC-6571369,DPC,DPC Email,"
Can't received email on thunderbird",Resolved,FINANCE,,2023-09-27,create new thunderbird profile
2023-09-28,#INC-6574944,DPC,DPC Module Remote Desktop,DPC module connection problem,Resolved,FINANCE,,2023-09-28,changing network setting from static to dhcp
2023-09-28,#INC-6575008,DPC,DPC Module Remote Desktop,Connection to module is unstable,Resolved,FINANCE,,2023-09-28,changing network setting from static to dhcp
2023-09-28,#INC-6575173,HQ/District Office,PC/Printer Concern,Printer Installation,Resolved,BDD,,2023-09-28,Printer Installation
2023-10-02,#INC-6584180,DPC,DPC Module Remote Desktop,Connection to module is unstable,Resolved,DNC,,2023-10-02,changing network setting from static to dhcp
2023-10-03,#INC-6587403,HQ/District Office,Software/App Installation,Microsoft Office Installation,Resolved,FINANCE,,2023-10-03,Microsoft Office Installation
2023-10-03,#INC-6587586,HQ/District Office,Desktop/PC Concern,Low Resolution,Resolved,FINANCE,,2023-10-03,Change Screen resolution settings
2023-10-03,#INC-6588239,HQ/District Office,PC/Printer Concern,Printer Scanner Installation,Resolved,PLANNING AND SUPPORT,,2023-10-03,Printer Scanner Installation (Canon MF230)
2023-10-05,#INC-6594887,,No WIFI Access,Wifi Connection,Resolved,QA,,2023-10-05,Connect to Wifi
2023-10-05,#INC-6596029,,PC/Printer Concern,Printer Concern,Resolved,FINANCE,,2023-10-05,Printer Installation
2023-10-05,#INC-6596140,,PC/Printer Concern,Printing Error,Resolved,FINANCE,,2023-10-05,Printer Reinstall
2023-10-09,#INC-6606596,,Desktop/PC Concern,Failed to reload,Resolved,PLANNING AND SUPPORT,,2023-10-09,Reconnect internet through sharing phone network
2023-10-09,#INC-6606471,,Desktop/PC Concern,Remote Desktop connection 143.168.20.143 user7,Resolved,FINANCE,,2023-10-09,Add module link to java properties
2023-10-09,#INC-6609216,,Desktop/PC Concern,No Access to Wifi,Resolved,PLANNING AND SUPPORT,,2023-10-09,Connect to Wifi
2023-10-09,#INC-6609266,,PC/Printer Concern,Printer Installation,Resolved,PLANNING AND SUPPORT,,2023-10-09,Printer Scanner Installation (Canon MF230)
2023-10-10,#INC-6610986,,PC/Printer Concern,For Printer Installation,Resolved,RMS,,2023-10-10,Printer Installation (Canon MF 230)
2023-10-10,#INC-6611547,,Desktop/PC Concern,Reload Failed,Resolved,BDD,,2023-10-10,Reconnect internet through sharing phone network
2023-10-10,#INC-6612010,,Desktop/PC Concern,PC Keyboard not Working,Resolved,FINANCE,,2023-10-10,Replace new Keyboard (Lenovo Keyboard)
2023-10-11,#INC-6614894,,Software/App Installation,Microsoft Office Installation,Resolved,BDD,,2023-10-11,Install Microsoft Office
2023-10-09,#INC-6608396,,DPC Email,Thunderbird Problem 10/9/2023,Resolved,FINANCE,,2023-10-11,change inbox checking setting to 1 minute
2023-10-11,#INC-6615284,,DPC Email,Thunderbird problem 10/11/2023,Resolved,FINANCE,,2023-10-11,regenerate new postate.dat
2023-10-11,#INC-6615495,,DPC Module Remote Desktop,DPC Module problem 192.168.20.148,Resolved,FINANCE,,2023-10-11,ping 192.168.20.148  request hq to restart the host check if it is now reachable
2023-10-12,#INC-6618653,,No WIFI Access,No Internet Connection,Resolved,ITD,,2023-10-12,Connect to Wifi
2023-10-12,#INC-6619433,,PC/Printer Concern,"(1)Printer Installation
(2)Unblocking of Workplace",Resolved,BDD,,2023-10-12,"Install Printer to a Laptop.
Unblock Workplace through phone network sharing."
2023-10-12,#INC-6620527,,PC/Printer Concern,Installation of the Colored Printer Connection.,Resolved,BDD,,2023-10-12, Install Colored Printer to a laptop.
2023-10-13,#INC-6622227,,Desktop/PC Concern,Keyboard not Working,Resolved,FINANCE,,2023-10-13,Replace new Keyboard for PC
2023-10-18,#INC-6642617,,Desktop Monitor Black out,PC monitor not turning ON/ No power.,Resolved,FINANCE,,2023-10-18,Replace another PC monitor
2023-10-23,#INC-6660466,,DPC Module Remote Desktop,Unable to access remote module 192.168.20.148,Resolved,FINANCE,,2023-10-23,ping 192.168.20.148  request hq to restart the host check if it is now reachable
2023-10-23,#INC-6660384,,DPC/PC Concerns,Unable to received messages thunderbird account -,Resolved,FINANCE,,2023-10-23,"Changing of Port
System Restart"
2023-10-23,#INC-6662451,,DPC/PC Concerns,Thunderbird cannot receive messages.,Resolved,FINANCE,,2023-10-23,System Restart
2023-10-24,#INC-6664971,HQ/District Office,Software/App Installation,Viber Installation,Resolved,MAINTENANCE,,2023-10-24,Viber App installation in laptop worktool
2023-10-25,#INC-6668430,,Software/App Installation,Installation of Microsoft PowerBI,Resolved,BDD,,2023-10-25,Microsoft Power BI install
2023-10-26,#INC-6672208,,"Network Support,Reset/Change Password",Wifi Connectivity,Resolved,FINANCE,,2023-10-26,Connect to Office WIFI
2023-10-27,#INC-6675744,,DPC Module Remote Desktop,DPC REMOTE MODULE PROBLEM 192.168.20.148,Resolved,FINANCE,,2023-10-27,Request hq to restart ip module
2023-10-28,#INC-6678847,,DPC/PC Concerns,DPC no Internet Connection,Resolved,FINANCE,,2023-10-28,"Restart the Network Firewall
Restart Desktop"
2023-10-29,#INC-6681679,,DPC/PC Concerns,Scanner Installation,Resolved,FINANCE,,2023-10-29,Installation of scanner in DPC desktop
2023-10-30,INC-6683314,,DPC Module Remote Desktop,DPC Remote Desktop - Bacolod 10/30/2023,Resolved,FINANCE,,2023-10-30,ping 192.168.20.139  request hq to restart the host check if it is now reachable
2023-10-30,#INC-6684676,,DPC Module Remote Desktop,Unable to access remote module 192.168.20.143 & 192.168.20.141,Resolved,FINANCE,,2023-10-31,ping 192.168.20.143  request hq to restart the host check if it is now reachable
2023-11-06,#INC-6704808,,Desktop/PC Concern,Cannot access Workplace site,Resolved,BDD,,2023-11-06,Reaccess workplace site through phone network
2023-11-06,#INC-6705010,,Software/App Installation,Installation of vray app,Resolved,BDD,,2023-11-06,Vray App Install
2023-11-06,#INC-6705336,,PC/Printer Concern,Printer Installation,Resolved,OPERATIONS,,2023-11-06,Printer Install
2023-11-07,#INC-6710234,,PC/Printer Concern,For Printer Installation,Resolved,PLANNING AND SUPPORT,,2023-11-07,Printer Installation
2023-11-08,#INC-6713298,,PC/Printer Concern,REQUEST FOR CONNECTION OF PRINTER MF240,Resolved,BDD,,2023-11-08,Install MF240 Printer
2023-11-09,#INC-6716663,,DPC Module Remote Desktop,Unable to access remote module 192.168.20.143,Resolved,FINANCE,,2023-11-09,Coordinate to group to restart Machine
2023-11-09,#INC-6705492,,Software/App Installation,Autocad 2023 can't convert to pdf,Resolved,BDD,,2023-11-09,Uninstall existing Autocad 2023 and Install Autocad 2021
2023-11-09,#INC-6717294,,Software/App Installation,For Autocad Installation,Resolved,BDD,,2023-11-09,Install Autocad 2021
2023-11-10,#INC-6720828,,DPC Module Remote Desktop,Unable to access remote module IP 192.168.20.143,Resolved,FINANCE,,2023-11-10,Coordinate to group to restart Machine
2023-11-10,#INC-6721052,,PC/Printer Concern,Printer Paper Jam,Resolved,FINANCE,,2023-11-10,"Remove the jammed paper
Restart Printer"
2023-11-14,#INC-6732651,,No WIFI Access, No Wifi Connection,Resolved,BDD,,2023-11-14,Connect to Wifi
2023-11-15,#INC-6735245,,DPC/PC Concerns,Java security block can't access to psc application,Resolved,FINANCE,,2023-11-15,Changing the java security location to http://dpc
2023-11-15,#INC-6735806,,DPC Email,Thunderbird cannot send mail.,Resolved,FINANCE,,2023-11-15,Change the security connection
2023-11-15,#INC-6736857,,DPC Module Remote Desktop,Unable to access remote module IP 192.168.20.148,Resolved,FINANCE,,2023-11-15,Request hq to restart ip module
2023-11-16,#INC-6739053,,DPC Module Remote Desktop,Unable to access remote module 191.168.20.141,Resolved,FINANCE,,2023-11-16,Request to the group to restart the ip module
2023-11-16,#INC-6739550,,No WIFI Access,Requesting Internet access,Resolved,BDD,,2023-11-16,Connect to wifi
2023-11-16,#INC-6740938,,DPC/PC Concerns,"Setting up new laptop - internet connection, printer istallation",Resolved,FINANCE,,2023-11-16,"Printer istallation
Connect to wifi"
2023-11-16,#INC-6741105,,Software/App Installation,For oracle and SQL installation,Resolved,FINANCE,,2023-11-16,Install Oracle and SQL
2023-11-17,#INC-6743969,,Desktop/PC Concern,Workplace failed to reload,Resolved,BDD,,2023-11-17,Reload the workplace through phone network
2023-11-20,#INC-6750851,,DPC Module Remote Desktop,Unable to connect to module 192.168.20.143,Resolved,FINANCE,,2023-11-20,"Ping the host to check if reachable
coordinate to group to restart machine"
2023-11-20,#INC-6752077,,PC/Printer Concern,Printer Error DM Sir Fred,Resolved,OPERATIONS,,2023-11-20,Reinstall printer
2023-11-20,#INC-6752079,,PC/Printer Concern,Printer Error Amelina Bravo,Resolved,PLANNING AND SUPPORT,,2023-11-20,Reinstall printer
2023-11-20,#INC-6752082,,PC/Printer Concern,Printer Error Cristy Cunan,Resolved,MARKETING,,2023-11-20,Reinstall printer
2023-11-20,#INC-6752328,,PC/Printer Concern,Printer Installation Melvin Ygona,Resolved,HRD,,2023-11-20,Printer Installation
2023-11-22,#INC-6757947,,Network Concern,Wifi Connectivity,Resolved,OPERATIONS,,2023-11-22,Wifi connect
2023-11-23,#INC-6760632,,DPC/PC Concerns,Java security block can't access to psc application,Resolved,FINANCE,,2023-11-23,Change the java security location
2023-11-27,#INC-6772042,,DPC Module Remote Desktop,DPC Remote Desktop - Bacolod 11/27/2023,Resolved,FINANCE,,2023-11-27,"Request hq to restart ip module, restart HQ Connection"
2023-11-28,#INC-6774984,,DPC Module Remote Desktop,DPC Remote Module 192.168.20.143,Resolved,FINANCE,,2023-11-28,"Ping host
Check Remote Desktop if can connect"
2023-11-28,#INC-6775210,,No WIFI Access,Connect to wifi,Resolved,OPERATIONS,,2023-11-28,Connect to wifi
2023-11-28,#INC-6775284,,"Network Support,Reset/Change Password",Bacolod Office Internet Connection Problem_11282023,Resolved,FINANCE,,2023-11-28,Restart and reconfigure of firewall
2023-11-28,#INC-6777028,,No WIFI Access,Wifi connect,Resolved,BDD,,2023-11-28,Connect to wifi
2023-11-28,#INC-6777037,,PC/Printer Concern,Printer Installation,Resolved,BDD,,2023-11-28,Install Printer 
2023-11-28,#INC-6777054,,PC/Printer Concern,For Printer Installation,Resolved,BDD,,2023-11-28,Install Printer 
2023-11-29,#INC-6779966,,DPC Email,Thunderbird can't recieve Bank Transfer emails,Resolved,FINANCE,,2023-11-30,"Backup Inbox(Rename to Inbox + Date today(11292023)
Remove account from thunderbird
Login account and exit thunderbird
Copy Paste backuped files from old inbox
Open thunderbird and get messages"
2023-12-04,#INC-6795347,,DPC Module Remote Desktop,DPC Remote Desktop - Bacolod 12/04/2023,Resolved,FINANCE,,2023-12-04,
2023-12-04,#INC-6795479,,DPC/PC Concerns,Cannot print a file,Resolved,FINANCE,,2023-12-04,"Set up the paper size
Close and reopen the file"
2023-12-05,#INC-6799626,,Desktop Installation,Desktop Set up for Lessette Ivan Rosas,Resolved,BDD,,2023-12-05,Set up new Desktop for new user
2023-12-05,#INC-6799630,,Desktop Installation,Desktop Setup for Ma. Christina Dela Vega,Resolved,BDD,,2023-12-05,Desktop Installation
2023-12-05,#INC-6799620,,Software/App Installation,MS365 License Installation,Resolved,OPERATIONS,,2023-12-05,Sign in to Microsoft License Account
2023-12-06,#INC-6801783,,DPC Module Remote Desktop,DPC Remote Desktop - Bacolod 12/06/2023,Resolved,FINANCE,,2023-12-06,"Request hq to restart ip module, restart HQ Connection"
2023-12-07,#INC-6805253,,Desktop/PC Concern,REQUEST FOR ASSITANCE: COMPUTER LAG/FREEZING,Resolved,BDD,,2023-12-07,"Restart file explorer
Delete all existing file in download folder"
2023-12-11,#INC-6815813,,DPC Email,DPC Bacolod Thunderbird Problem 12/11/2023,Resolved,FINANCE,,2023-12-11,create new profile for thunderbirds 
2023-12-11,#INC-6816094,,Network Concern,DPC no internet connection,Resolved,FINANCE,,2023-12-11,"Restart firewall
Restart desktop"
2023-12-11,#INC-6816088,,DPC Module Remote Desktop,java security block,Resolved,FINANCE,,2023-12-11,Change the security location
2023-12-11,#INC-6816797,,DPC Email,Can't received Email due to Full Storage,Resolved,FINANCE,,2023-12-11,C drive files transfer to D drive
2023-12-14,#INC-6827757,,DPC Module Remote Desktop,Unable to access remote module IP 192.168.20.148,Resolved,FINANCE,,2023-12-14,"Request hq to restart ip module, restart HQ Connection"
2023-12-15,#INC-6829755,,DPC Module Remote Desktop,Can't Open Module,Resolved,FINANCE,,2023-12-15,Change the security location of java
2023-12-18,#INC-6838988,,DPC Module Remote Desktop,Java security block,Resolved,FINANCE,,2023-12-18,Change security location
2023-12-18,#INC-6839140,,PC/Printer Concern,REQUEST FOR ASSISTANCE: WIFI CONNECTION & PRINTER MF240,Resolved,BDD,,2023-12-18,"Connect to slurpee wifi 
 Install mf240 printer"
2023-12-19,#INC-6844418,,Workplace,Workplace assistance,Resolved,BDD,,2023-12-19,Reload workplace through phone network sharing
2023-12-20,#INC-6846475,,Software/App Installation,Microsoft License Account Login Credentials,Resolved,PLANNING AND SUPPORT,,2023-12-20,Login assigned credentials for MS Product License
2023-12-20,#INC-6846455,,DPC/PC Concerns,Can't Open Module,Resolved,FINANCE,,2023-12-20,"Change the security location
Update java"
2023-12-20,#INC-6846966,,Software/App Installation,Excel Problem,Resolved,FINANCE,,2023-12-20,Reinstall Microsoft Office
2023-12-21,#INC-6849586,,Desktop/PC Concern,PSC COMPUTER PULL OUT,Resolved,BDD,,2023-12-21,Pull out of PSC pc
2023-12-21,#INC-6849687,,Desktop/PC Concern,cannot display in wide screen display,Resolved,PLANNING AND SUPPORT,,2023-12-21,"Replug in the hdmi
Set up the screen display"
2023-12-23,#INC-6858294,,DPC/PC Concerns,Thunderbird cannot receive mail,Resolved,FINANCE,,2023-12-23,"Changing of port
"
2023-12-27,#INC-6867695,,Desktop/PC Concern,REQUEST FOR ASSISTANCE: Google Chrome failed to open,Resolved,BDD,,2023-12-27,System configure
2023-12-28,#INC-6869862,,Network Concern,Gmail tab can't load to chrome,Resolved,PLANNING AND SUPPORT,,2023-12-28,Renew new IP configuration
2023-12-28,#INC-6870830,,DPC Email,Can't Send Email in Thunder,Resolved,FINANCE,,2023-12-28,Security and port change
2023-12-30,#INC-6876144,,DPC/PC Concerns,Monitor black screen,Resolved,FINANCE,,2023-12-30,Restart the system
2023-12-30,INC-6876538,,DPC Module Remote Desktop,"

Unable to access remote module IP 192.168.20.148",Resolved,FINANCE,,2023-12-30,"Request hq to restart ip module, restart HQ Connection"
2024-01-02,#INC-6881665,,Workplace,Workplace unblocking,Resolved,BDD,Urgent,2024-01-02,Connect to phone network to unblock workplace
2024-01-02,#INC-6881766,,DPC/PC Concerns,Java Security Block,Resolved,FINANCE,Urgent,2024-01-02,Change of security location
2024-01-03,INC-6885103,,DPC Email,Thunderbird Problem 1/3/2024,Resolved,FINANCE,Medium,2024-01-03,Rename pospate.dat. transfer old messages to the archive and start downloading recent emails to thunderbird.
2024-01-03,#INC-6888527,,Network Concern,No internet Connection Iloilo Office,Resolved,FINANCE,Low,2024-01-03,
2024-01-04,#INC-6889421,,Workplace,Workplace cannot reload,Resolved,PLANNING AND SUPPORT,Low,2024-01-04,Phone network sharing and reload the web
2024-01-05,#INC-6894634,,PC/Printer Concern,Printer paper jam,Resolved,PLANNING AND SUPPORT,Low,2024-01-05,"Remove the paper that jammed the printer
Restart the printer"
2024-01-08,#INC-6900878,,DPC Module Remote Desktop,Can't Open Module,Resolved,FINANCE,High,2024-01-08,Change security location
2024-01-08,#INC-6901167,,DPC Email,Thunderbird Can't receive email,Resolved,FINANCE,Medium,2024-01-08,Change of ports
2024-01-08,#INC-6902488,,Software/App Installation,MIcrosoft Office 365 License,Resolved,OPERATIONS,Medium,2024-01-08,"logout and login account
Click enable editing"
2024-01-08,#INC-6902593,,Software/App Installation,Scanner App installation,Resolved,PLANNING AND SUPPORT,Medium,2024-01-08,Install scanner application
2024-01-09,#INC-6906147,,DPC Module Remote Desktop,Remote module 192.168.20.141 cannot access,Resolved,FINANCE,High,2024-01-09,Coordinate to HQ group to restart the module
2024-01-10,#INC-6910246,,DPC Module Remote Desktop,Unable to access remote module 192.168.20.143,Resolved,FINANCE,High,2024-01-10,coordinate to HQ group to restart the module
2024-01-10,#INC-6911422,,No WIFI Access,Connect to wifi,Resolved,FINANCE,Low,2024-01-10,Connect to slurpee wifi
2024-01-10,INC-6911628,,PC/Printer Concern,LX310,Resolved,MAINTENANCE,Low,2024-01-11,INSTALLATION OF PRINTER
2024-01-11,#INC-6915290,,No WIFI Access,Wifi connection,Resolved,BDD,Low,2024-01-11,Connect to wifi
2024-01-12,6918174,,DPC Module Remote Desktop,Unable to access remote module IP 192.168.20.148,Resolved,FINANCE,Low,2024-01-12,Coordinate to HQ group to restart the module
2024-01-15,#INC-6926702,,DPC Module Remote Desktop,Can't access module 192.168.20.143,Resolved,FINANCE,High,2024-01-15,Coordinate to HQ group to restart the module
2024-01-15,#INC-6926916,,Workplace,Can't access workplace,Resolved,PLANNING AND SUPPORT,Low,2024-01-15,Reload workplace through phone network sharing
2024-01-16,#INC-6933478,,PC/Printer Concern,Printer Installation,Resolved,BDD,Low,2024-01-16,Connect to printer
2024-01-18,#INC-6940493,,Workplace,Can't access the workplace,Resolved,MARKETING,Medium,2024-01-18,Connect to hotspot
2024-01-19,#INC-6944092,,PC/Printer Concern,Printer Paper Jammed,Resolved,OPERATIONS,Low,2024-01-19,"Remove the paper that jammed the printer
Restart the printer"
2024-01-22,#INC-6952028,,DPC Module Remote Desktop,Cannot access remote module 192.168.20.143,Resolved,FINANCE,High,2024-01-22,Coordinate to HQ group to restart the module
2024-01-23,#INC-6955380,,PC/Printer Concern,Printer Installation,Resolved,BDD,Low,2024-01-23,Install Printer
2024-01-24,#INC-6959359,,Desktop/PC Concern,Desktop Replacement,Resolved,AUDIT,Low,2024-01-24,Setup Desktop to Audit Office
2024-01-25,#INC-6962175,,Workplace,Workplace assistance,Resolved,BDD,Low,2024-01-25,Connect through phone network then reload
2024-01-26,#INC-6964650,,DPC Module Remote Desktop,Module IP 192.168.20.143 RTO,Resolved,FINANCE,Low,2024-01-26,Coordinate to HQ group to restart the module
2024-01-26,INC-6964681,,DPC Module Remote Desktop,Unable to access remote module IP 192.168.20.148,Resolved,FINANCE,Low,2024-01-26,Coordinate to HQ group to restart the module
2024-01-26,#INC-6966415,,DPC Module Remote Desktop,Unable to access remote module IP 192.168.20.148,Resolved,FINANCE,Low,2024-01-26,Coordinate to HQ group to restart the module
2024-01-28,#INC-6970363,,DPC/PC Concerns,No Internet on DPC desktop,Resolved,FINANCE,Low,2024-01-28,Replug in of data 88 ethernet cable
2024-01-28,#INC-6970247,,DPC Module Remote Desktop,Unable to access remote module IP 192.168.20.139,Resolved,FINANCE,Low,2024-01-28,Coordinate to HQ group to restart the module
2024-01-28,#INC-6975735,,PC/Printer Concern,Printer Instalallation,Resolved,PLANNING AND SUPPORT,Low,2024-01-30,Printer Installation
2024-01-30,#INC-6976209,,DPC Module Remote Desktop,Can't access to module IP 192.168.20.141,Resolved,FINANCE,Low,2024-01-30,coordinate to HQ group to restart the module
2024-01-30,#INC-6976700,,No WIFI Access,Wifi Connection,Resolved,MAINTENANCE,Low,2024-01-30,Connect to Wifi
2024-01-30,#INC-6976698,,No WIFI Access,Connect to wifi,Resolved,MAINTENANCE,Low,2024-01-30,Connect to wifi
2024-01-30,#INC-6977733,,PC/Printer Concern,Printer Error,Resolved,AUDIT,Low,2024-01-30,Not connected to wifi network
2024-01-30,#INC-6977730,,No WIFI Access,Wifi Connectivity,Resolved,AUDIT,Low,2024-01-30,Connect examinees to wifi for the exam
2024-01-30,#INC-6977729,,Software/App Installation,Problem with video in Google Drive,Resolved,AUDIT,Low,2024-01-30,Downloaded the video
2024-02-01,#INC-6983538,,Desktop/PC Concern,Assistance for the date and time of laptop,Resolved,OPERATIONS,Low,2024-02-01,Set the date and time of a laptop
2024-02-01,#INC-6984679,,No WIFI Access,No connection to wifi,Resolved,OPERATIONS,Low,2024-02-01,Connect to slurpee wifi
2024-02-02,#INC-6987087,,DPC/PC Concerns,Java block the PSC application,Resolved,FINANCE,Low,2024-02-02,Change the security location
2024-02-02,#INC-6987145,,Desktop/PC Concern,BDD desktop transfer and pull out,Resolved,BDD,Low,2024-02-02,Pull out and transfer desktop
2024-02-02,#INC-6988489,,Software/App Installation,Default pdf application,Resolved,FINANCE,Low,2024-02-02,Change default application from WPS to MS Edge
2024-02-03,#INC-6990615,,DPC Module Remote Desktop,DPC Remote Desktop - iloilo 02032024,Resolved,FINANCE,Low,2024-02-03,coordinate to HQ group to restart the module
2024-02-05,#INC-6996925,,No WIFI Access,Connect to wifi,Resolved,MARKETING,Low,2024-02-05,Connect to slurpee wifi
2024-02-06,#INC-6999051,,Workplace,Workplace Assistance,Resolved,PLANNING AND SUPPORT,Low,2024-02-06,Connect to phone network and reload
2024-02-05,#INC-6995519,,DPC Email, Thunderbird Account for NEW DPC Staff (ILOILO),Resolved,FINANCE,Medium,2024-02-06,Deploy new thunderbird account
2024-02-06,#INC-6999296,,No WIFI Access,Wifi Connection,Resolved,BDD,Low,2024-02-06,Connect to wifi
2024-02-06,#INC-6999345,,Desktop/PC Concern,Request for PC Set up for the New Employee,Resolved,BDD,Low,2024-02-06,PC Set up 
2024-02-06,#INC-6999368,,Desktop/PC Concern,Workplace can't reload and oracle set up,Resolved,BDD,Urgent,2024-02-06,"Connect to phone network and reload
Install java"
2024-02-07,#INC-7003154,,DPC Module Remote Desktop,DPC Remote Desktop - Bacolod 02/07/2024,Resolved,FINANCE,Low,2024-02-07,coordinate to HQ group to restart the module
2024-02-07,#INC-7003584,,"Network Support,Reset/Change Password",No Internet Connection on DPCStaff2 PC,Resolved,FINANCE,Low,2024-02-07,"IP conflicted with Laptop user
Change IP of Laptop"
2024-02-07,#INC-7003855,,PC/Printer Concern,Printer Error,Resolved,PLANNING AND SUPPORT,Low,2024-02-07,Conflict IP Address
2024-02-07,#INC-7004255,,PC/Printer Concern,Printer cannot print,Resolved,FINANCE,Low,2024-02-07,Reinstall Printer
2024-02-07,#INC-7004094,,DPC Email,Problem with Thunderbird,Resolved,FINANCE,Medium,2024-02-07,Thunderbird can only send through shortcut keys
2024-02-08,#INC-7008464,,DPC Module Remote Desktop,Can't access module 192.168.20.141,Resolved,FINANCE,Low,2024-02-08,coordinate to HQ group to restart the module
2024-02-12,#INC-7022313,,DPC/PC Concerns,PSC application blocked by java,Resolved,FINANCE,Low,2024-02-12,Change security location
2024-02-13,#INC-7027188,,Assistance Support,Laptop Issue,Resolved,AUDIT,Urgent,2024-02-13,Use system restore
2024-02-13,#INC-7028084,,PC/Printer Concern,Scanner Installation,Resolved,PLANNING AND SUPPORT,Low,2024-02-13,Printer Scanner installation
2024-02-13,#INC-7028088,,Desktop/PC Concern,Desktop Checking,Resolved,FINANCE,Low,2024-02-13,Checked installed apps in DPC dept.
2024-02-13,#INC-7028241,,PC/Printer Concern,Printer Installation,Resolved,FINANCE,Low,2024-02-13,Connect to printer
2024-02-14,#INC-7031882,,DPC Module Remote Desktop,IP Module 192.168.20.141 RTO,Resolved,FINANCE,Low,2024-02-14,Coordinate to Group
2024-02-14,#INC-7032986,,Workplace,Workplace blocked,Resolved,PLANNING AND SUPPORT,Low,2024-02-14,Connect to phone network and reload
2024-02-15,#INC-7035163,,Email Concern,Forgot password,Open,BDD,Medium,,
2024-02-15,#INC-7037058,,Software/App Installation,Excel Problem - file can't be saved,Resolved,LEGAL,Low,2024-02-15,File save in autorecovery
2024-02-16,#INC-7039343,,DPC Module Remote Desktop,DPC Remote Desktop - Bacolod 02/16/2024,Resolved,FINANCE,Low,2024-02-16,coordinate to HQ group to restart the module
2024-02-16,#INC-7039580,,DPC Module Remote Desktop,"Unable to access remote module IP 192.168.20.148
",Resolved,FINANCE,Low,2024-02-16,coordinate to HQ group to restart the module
2024-02-16,#INC-7039551,,DPC Module Remote Desktop,Unable to access remote module 192.168.20.143,Resolved,FINANCE,Low,2024-02-16,coordinate to HQ group to restart the module